Horodatage,Données,Mise à jour,Date/heure
2026-08-17 17:17:29,"Fréquentation touristique dans les hôtels, campings et autres hébergements collectifs                                    touristiques – 2e trimestre 2026",19 août à 12h,2026-08-19 12:00:00
2026-08-17 17:17:29,Climat des affaires – août 2026,21 août à 8h45,2026-08-21 08:45:00
2026-08-17 17:17:29,Enquête mensuelle de conjoncture dans l'industrie – août 2026,21 août à 8h45,2026-08-21 08:45:00
2026-08-17 17:17:29,Enquête mensuelle de conjoncture dans l’industrie du bâtiment – août 2026,21 août à 8h45,2026-08-21 08:45:00
2026-08-17 17:17:29,Enquête mensuelle de conjoncture dans le commerce de détail et le commerce et la réparation                                    automobiles – août 2026,21 août à 8h45,2026-08-21 08:45:00
2026-08-17 17:17:29,Enquête mensuelle de conjoncture dans les services – août 2026,21 août à 8h45,2026-08-21 08:45:00
2026-08-17 17:17:29,Indice de production dans les services – juin 2026,21 août à 8h45,2026-08-21 08:45:00
2026-08-17 17:17:29,Volume des ventes dans le commerce – juin 2026,21 août à 8h45,2026-08-21 08:45:00
2026-08-17 17:17:29,Enquête mensuelle de conjoncture auprès des ménages - août 2026,25 août à 8h45,2026-08-25 08:45:00
2026-08-17 17:17:29,Prix des énergies et des matières premières importées - juillet 2026,25 août à 12h,2026-08-25 12:00:00
2026-08-17 17:17:29,Créations d’entreprises - juillet 2026,26 août à 8h45,2026-08-26 08:45:00
2026-08-17 17:17:29,Indices de prix de production et d'importation de l'industrie - juillet 2026,27 août à 8h45,2026-08-27 08:45:00
2026-08-17 17:17:29,Chiffre d'affaires dans l'industrie et la construction - juin 2026,27 août à 12h,2026-08-27 12:00:00
2026-08-17 17:17:29,Indice des prix de l’entretien-amélioration des bâtiments - 2e trimestre 2026,27 août à 12h,2026-08-27 12:00:00
2026-08-17 17:17:29,Indices des prix agricoles – juillet 2026,27 août à 12h,2026-08-27 12:00:00
2026-08-17 17:17:29,Indices des prix de production des services – 2e trimestre 2026,27 août à 12h,2026-08-27 12:00:00
2026-08-17 17:17:29,Comptes nationaux trimestriels – Résultats détaillés – 2e trimestre 2026,28 août à 8h45,2026-08-28 08:45:00
2026-08-17 17:17:29,Dépenses de consommation des ménages en biens – juillet 2026,28 août à 8h45,2026-08-28 08:45:00
2026-08-17 17:17:29,Estimations trimestrielles d’emploi – résultats détaillés – 2e trimestre 2026,28 août à 8h45,2026-08-28 08:45:00
2026-08-17 17:17:29,Indice des prix à la consommation - résultats provisoires – août 2026,28 août à 8h45,2026-08-28 08:45:00
2026-08-29 14:14:02,Les dépenses antipollution dans l’industrie en 2024 - Insee Première,3 septembre à 17h,2026-09-03 17:00:00
2026-08-29 14:14:02,Mise à jour mensuelle des statistiques sur les naissances – juillet 2026,3 septembre à 12h,2026-09-03 12:00:00
2026-08-29 14:14:02,Mise à jour mensuelle des statistiques sur les décès – juillet 2026,4 septembre à 12h,2026-09-04 12:00:00
2026-08-29 14:14:02,Indices Notaires-Insee des prix des logements anciens - 2e trimestre 2026,8 septembre à 8h45,2026-09-08 08:45:00
2026-08-29 14:14:02,Indice de la production industrielle - juillet 2026,9 septembre à 8h45,2026-09-09 08:45:00
2026-08-29 14:14:02,Présentation de la Note de conjoncture de septembre.                                      Elle se tiendra en présentiel ou en ligne – jeudi 10 septembre à 9h30,10 septembre à 17h,2026-09-10 17:00:00
2026-09-04 14:55:12,Les dépenses de carburant des ménages en 2021 - Insee Première,8 septembre à 17h,2026-09-08 17:00:00
2026-09-04 14:55:12,Les allocataires CAF dans les QPV en 2024 (France métropolitaine) - Insee Focus,9 septembre à 17h,2026-09-09 17:00:00
2026-09-04 14:55:12,Les allocataires CAF dans les QPV en 2024 (DROM) - Insee Focus,9 septembre à 17h,2026-09-09 17:00:00
2026-09-04 14:55:12,Indice des prix à la consommation – résultats définitifs - août 2026,15 septembre à 8h45,2026-09-15 08:45:00
2026-09-04 14:55:12,Indice du coût du travail (ICT) – résultats détaillés - 2e trimestre 2026,15 septembre à 8h45,2026-09-15 08:45:00
2026-09-04 14:55:12,"Index bâtiment, travaux publics et divers de la construction - juillet 2026",15 septembre à 12h,2026-09-15 12:00:00
2026-09-04 14:55:12,Indices des loyers d’habitation - juillet 2026,15 septembre à 12h,2026-09-15 12:00:00
2026-09-04 14:55:12,Créations d’entreprises - août 2026,18 septembre à 8h45,2026-09-18 08:45:00
2026-09-04 14:55:12,Emploi et taux de chômage localisés (par région et département) - 2e trimestre 2026,18 septembre à 12h,2026-09-18 12:00:00
2026-09-04 14:55:12,Indice des prix des logements neufs et anciens - 2e trimestre 2026,18 septembre à 12h,2026-09-18 12:00:00
2026-09-11 17:04:04,Les mobilités résidentielles des actifs des pays frontaliers vers la France en 2021                                    - Insee Première,15 septembre à 17h,2026-09-15 17:00:00
2026-09-11 17:04:04,80 ans de prénoms - Insee Première,16 septembre à 17h,2026-09-16 17:00:00
2026-09-11 17:04:04,Indice de production dans les services - juillet 2026,22 septembre à 8h45,2026-09-22 08:45:00
2026-09-11 17:04:04,Volume des ventes dans le commerce - juillet 2026,22 septembre à 8h45,2026-09-22 08:45:00
2026-09-11 17:04:04,Indice des loyers commerciaux - 2e trimestre 2026,23 septembre à 12h,2026-09-23 12:00:00
2026-09-11 17:04:04,Indice des loyers des activités tertiaires - 2e trimestre 2026,23 septembre à 12h,2026-09-23 12:00:00
2026-09-11 17:04:04,Indice du coût de la construction - 2e trimestre 2026,23 septembre à 12h,2026-09-23 12:00:00
2026-09-11 17:04:04,Indices des coûts de production dans la construction - 2e trimestre 2026,23 septembre à 12h,2026-09-23 12:00:00
2026-09-11 17:04:04,Climat des affaires - septembre 2026,24 septembre à 8h45,2026-09-24 08:45:00
2026-09-11 17:04:04,Enquête bimestrielle de conjoncture dans le commerce de gros - septembre 2026,24 septembre à 8h45,2026-09-24 08:45:00
2026-09-11 17:04:04,Enquête mensuelle de conjoncture auprès des ménages - septembre 2026,24 septembre à 8h45,2026-09-24 08:45:00
2026-09-11 17:04:04,Enquête mensuelle de conjoncture dans l'industrie - septembre 2026,24 septembre à 8h45,2026-09-24 08:45:00
2026-09-11 17:04:04,Enquête mensuelle de conjoncture dans l'industrie du bâtiment - septembre 2026,24 septembre à 8h45,2026-09-24 08:45:00
2026-09-11 17:04:04,Enquête mensuelle de conjoncture dans le commerce de détail et le commerce et la                                    réparation automobiles - septembre 2026,24 septembre à 8h45,2026-09-24 08:45:00
2026-09-11 17:04:04,Enquête mensuelle de conjoncture dans les services - septembre 2026,24 septembre à 8h45,2026-09-24 08:45:00
2026-09-11 17:04:04,Prix des énergies et des matières premières importées - août 2026,25 septembre à 12h,2026-09-25 12:00:00
2026-09-11 17:04:04,Présentation de l'Insee Références – La France et ses territoires                                      Présentation d’une vue d’ensemble de l’ouvrage et de quatre dossiers consacrés         ,24 septembre à 17h,2026-09-24 17:00:00
